,0,1
0,CC1(C2CCC(O1)(CC2)C)C,"4,7,7-trimethyl-8-oxabicyclo[2.2.2]octane"
1,CC(C)C1CCC(C)CC1O,5-methyl-2-propan-2-ylcyclohexan-1-ol
2,C[C@@H]1CC[C@@H](C(=O)C1)C(C)C,"(2R,5R)-5-methyl-2-propan-2-ylcyclohexan-1-one"
3,CC1CCC(C(C)C)C(O)C1,neo-Menthol
4,CC1CCC(C(C1)O)C(C)C,5-methyl-2-propan-2-ylcyclohexan-1-ol
5,CC1CCC2=C(C1)OC=C2C,"3,6-dimethyl-4,5,6,7-tetrahydro-1-benzofuran"
6,CC(C)C1CCC(C)CC1=O,5-methyl-2-propan-2-ylcyclohexan-1-one
7,CC1=CC[C@@H](CC1)C(=C)C,(4R)-1-methyl-4-prop-1-en-2-ylcyclohexene
8,CC1CCC(C(C1)OC(=O)C)C(C)C,(5-methyl-2-propan-2-ylcyclohexyl) acetate
9,CC1CCC(C(=O)C1)C(C)C,5-methyl-2-propan-2-ylcyclohexan-1-one
10,C[C@@H]1CC[C@@H](C(C1)O)C(C)C,"(2R,5R)-5-methyl-2-propan-2-ylcyclohexan-1-ol"
11,CC1=CC(=O)C(C(C)C)CC1,"2-Cyclohexen-1-one, 3-methyl-6-(1-methylethyl)-, (R)-"
12,CCCCCC=CC=CC(=O)NCC(C)C,"isobutyl (E,E)-2,4-decadienamide"
13,CC(CO)O,"PROPANE-1,2-DIOL"
14,CC(=CCCC(C)(C=C)OC(=O)C)C,"3,7-dimethylocta-1,6-dien-3-yl acetate"
15,CC(=CCCC(C)(C=C)O)C,"3,7-Dimethylocta-1,6-dien-3-ol"
16,CC(=CCC(COC(=O)C)C(=C)C)C,(5-methyl-2-prop-1-en-2-ylhex-4-enyl) acetate
17,C=CC(C)=CCC=C(C)C,trans-beta-ocimene
18,C[C@]12CC[C@H]3[C@@H](CC3(C)C)[C@H](C1)C(=O)CC2,109119-65-5
19,CC1=CCC(CC1)(C(C)C)O,4-methyl-1-propan-2-ylcyclohex-3-en-1-ol
20,CC(=CCC(CO)C(=C)C)C,5-methyl-2-prop-1-en-2-ylhex-4-en-1-ol
21,C=C(C)C1CC=C(C(C)C)C(=O)C1,Could not find name
22,CC1(CCC(O1)C(C)(C)O)C=C,2-(5-ethenyl-5-methyloxolan-2-yl)propan-2-ol
23,CC1=C(C(CCC1)(C)C)/C=C/C(=O)C,"4-(2,6,6-trimethyl-1-cyclohexenyl)but-3-en-2-one"
24,CC1([C@H]2CCC(=C)[C@@H]1C2)C,"(1S,5S)-7,7-dimethyl-4-methylidenebicyclo[3.1.1]heptane"
25,CC1=CCC2C(C1)C2(C)C,delta-3-Carene
26,CCCCCCCCC(=O)NCC1=CC(=C(C=C1)O)OC,N-[(4-hydroxy-3-methoxyphenyl)methyl]nonanamide
27,CC(C)C1CCC(C)CC1C(=O)Nc2ccc(C#N)cc2,Could not find name
28,CC1=CCC2CC1C2(C)C,(-)-alpha-Pinene
29,CC1=CCCC(=C)C=CC(CC1)C(C)C,Could not find name
30,CC(C)=C1CCC(C)CC1=O,(+)-Pulegone
31,CC1(C2CCC(O1)(CC2)C)C,"4,7,7-trimethyl-8-oxabicyclo[2.2.2]octane"
32,CC(C)C1CCC(C)CC1O,5-methyl-2-propan-2-ylcyclohexan-1-ol
33,C[C@@H]1CC[C@@H](C(=O)C1)C(C)C,"(2R,5R)-5-methyl-2-propan-2-ylcyclohexan-1-one"
34,CC1CCC(C(C)C)C(O)C1,neo-Menthol
35,CC1CCC(C(C1)O)C(C)C,5-methyl-2-propan-2-ylcyclohexan-1-ol
36,CC1CCC2=C(C1)OC=C2C,"3,6-dimethyl-4,5,6,7-tetrahydro-1-benzofuran"
37,CC(C)C1CCC(C)CC1=O,5-methyl-2-propan-2-ylcyclohexan-1-one
38,CC1=CC[C@@H](CC1)C(=C)C,(4R)-1-methyl-4-prop-1-en-2-ylcyclohexene
39,CC1CCC(C(C1)OC(=O)C)C(C)C,(5-methyl-2-propan-2-ylcyclohexyl) acetate
40,CC1CCC(C(=O)C1)C(C)C,5-methyl-2-propan-2-ylcyclohexan-1-one
41,C[C@@H]1CC[C@@H](C(C1)O)C(C)C,"(2R,5R)-5-methyl-2-propan-2-ylcyclohexan-1-ol"
42,CC1=CC(=O)C(C(C)C)CC1,"2-Cyclohexen-1-one, 3-methyl-6-(1-methylethyl)-, (R)-"
43,CCCCCC=CC=CC(=O)NCC(C)C,"isobutyl (E,E)-2,4-decadienamide"
44,CC(CO)O,"PROPANE-1,2-DIOL"
45,CC(=CCCC(C)(C=C)OC(=O)C)C,"3,7-dimethylocta-1,6-dien-3-yl acetate"
46,CC(=CCCC(C)(C=C)O)C,"3,7-Dimethylocta-1,6-dien-3-ol"
47,CC(=CCC(COC(=O)C)C(=C)C)C,(5-methyl-2-prop-1-en-2-ylhex-4-enyl) acetate
48,C=CC(C)=CCC=C(C)C,trans-beta-ocimene
49,C[C@]12CC[C@H]3[C@@H](CC3(C)C)[C@H](C1)C(=O)CC2,109119-65-5
50,CC1=CCC(CC1)(C(C)C)O,4-methyl-1-propan-2-ylcyclohex-3-en-1-ol
51,CC(=CCC(CO)C(=C)C)C,5-methyl-2-prop-1-en-2-ylhex-4-en-1-ol
52,C=C(C)C1CC=C(C(C)C)C(=O)C1,Could not find name
53,CC1(CCC(O1)C(C)(C)O)C=C,2-(5-ethenyl-5-methyloxolan-2-yl)propan-2-ol
54,CC1=C(C(CCC1)(C)C)/C=C/C(=O)C,"4-(2,6,6-trimethyl-1-cyclohexenyl)but-3-en-2-one"
55,CC1([C@H]2CCC(=C)[C@@H]1C2)C,"(1S,5S)-7,7-dimethyl-4-methylidenebicyclo[3.1.1]heptane"
56,CC1=CCC2C(C1)C2(C)C,delta-3-Carene
57,CCCCCCCCC(=O)NCC1=CC(=C(C=C1)O)OC,N-[(4-hydroxy-3-methoxyphenyl)methyl]nonanamide
58,C/C=C/c1ccc(OC)cc1,1-methoxy-4-[(E)-prop-1-enyl]benzene
59,CC1(C2CCC(O1)(CC2)C)C,"4,7,7-trimethyl-8-oxabicyclo[2.2.2]octane"
60,CC(C)C1CCC(C)CC1O,5-methyl-2-propan-2-ylcyclohexan-1-ol
61,CC(C)C1CCC(C)CC1=O,5-methyl-2-propan-2-ylcyclohexan-1-one
62,CC1=CC[C@@H](CC1)C(=C)C,(4R)-1-methyl-4-prop-1-en-2-ylcyclohexene
63,CC1CCC(C(=O)C1)C(C)C,5-methyl-2-propan-2-ylcyclohexan-1-one
64,C[C@@H]1CC[C@@H](C(C1)O)C(C)C,"(2R,5R)-5-methyl-2-propan-2-ylcyclohexan-1-ol"
65,CC1=CC(=O)C(C(C)C)CC1,"2-Cyclohexen-1-one, 3-methyl-6-(1-methylethyl)-, (R)-"
66,C[C@@H]1CC[C@@H](C(=O)C1)C(C)C,"(2R,5R)-5-methyl-2-propan-2-ylcyclohexan-1-one"
67,CC1CCC(C(C)C)C(O)C1,neo-Menthol
68,CC1CCC(C(C1)O)C(C)C,5-methyl-2-propan-2-ylcyclohexan-1-ol
69,CC1CCC2=C(C1)OC=C2C,"3,6-dimethyl-4,5,6,7-tetrahydro-1-benzofuran"
70,CC1CCC(C(C1)OC(=O)C)C(C)C,(5-methyl-2-propan-2-ylcyclohexyl) acetate
71,CCCCCCCC(=O)OCC(COC(=O)CCCCCCC)OC(=O)CCCCCCC,caprylic acid [2-caprylyloxy-1-(caprylyloxymethyl)ethyl] ester
72,CC(=O)OCC(COC(=O)C)OC(=O)C,"1,3-diacetyloxypropan-2-yl acetate"
73,CCCCCCCC(=O)OCC,Ethyl octanoate
74,CCOc1cc(ccc1O)C=O,3-Ethoxy-4-hydroxybenzaldehyde
75,COc1cc(ccc1O)C=O,4-Hydroxy-3-methoxybenzaldehyde
76,c1cc2c(cc1C=O)OCO2,"1,3-benzodioxole-5-carbaldehyde"
77,C/C=C/c1ccc(OC)cc1,1-methoxy-4-[(E)-prop-1-enyl]benzene
78,CC(C)C1CCC(C)CC1O,5-methyl-2-propan-2-ylcyclohexan-1-ol
79,CCNCC(=O)C1CC(C)CCC1C(C)C,Could not find name
80,CC1(C2CCC(O1)(CC2)C)C,"4,7,7-trimethyl-8-oxabicyclo[2.2.2]octane"
81,C[C@@H]1CC[C@@H](C(=O)C1)C(C)C,"(2R,5R)-5-methyl-2-propan-2-ylcyclohexan-1-one"
82,CC1CCC(C(C)C)C(O)C1,neo-Menthol
83,CC1CCC2=C(C1)OC=C2C,"3,6-dimethyl-4,5,6,7-tetrahydro-1-benzofuran"
84,CC(C)C1CCC(C)CC1=O,5-methyl-2-propan-2-ylcyclohexan-1-one
85,CC1=CC[C@@H](CC1)C(=C)C,(4R)-1-methyl-4-prop-1-en-2-ylcyclohexene
86,CC1CCC(C(C1)OC(=O)C)C(C)C,(5-methyl-2-propan-2-ylcyclohexyl) acetate
87,CNC(=O)C(C)(C(C)C)C(C)C,"2-isopropyl-N,2,3-trimethylbutyramide"
88,C=CCOC(=O)CCCC,allyl valerate
89,C=CCOC(=O)CCC1CCCCC1,Allyl cyclohexyl propionate
90,CCCC(=O)OCC,Ethyl butanoate
91,CCCCCC(=O)OCC,Ethyl hexanoate
92,CC1=C(O)C(=O)OC1C,"3-hydroxy-4,5-dimethyl-2(5H)-furanone"
93,CCOC(=O)C,Ethyl acetate
94,CC(C)C1CCC(C)CC1C(=O)Nc2ccc(C#N)cc2,Could not find name
95,CC1=CCC2CC1C2(C)C,(-)-alpha-Pinene
96,CC1=CCCC(=C)C=CC(CC1)C(C)C,Could not find name
97,C=C1CCC=C(C)CCC2C1CC2(C)C,beta-Caryophyllene 
98,CC(C)=C1CCC(C)CC1=O,(+)-Pulegone
99,Cc1ccc(cc1)C(C)C,1-methyl-4-propan-2-ylbenzene
100,CC(C)=CCCC(C)=CC=O,Geranial
101,CC1=CCC(CC1)C(C)(C)O,2-(4-methyl-1-cyclohex-3-enyl)propan-2-ol
102,CC1([C@H]2CCC(=C)[C@@H]1C2)C,"(1S,5S)-7,7-dimethyl-4-methylidenebicyclo[3.1.1]heptane"
103,CC(=CCCC(C)(C=C)O)C,"3,7-Dimethylocta-1,6-dien-3-ol"
104,CC1=CCC2C(C1)C2(C)C,delta-3-Carene
105,CCCCCCCC(=O)OCC(COC(=O)CCCCCCC)OC(=O)CCCCCCC,caprylic acid [2-caprylyloxy-1-(caprylyloxymethyl)ethyl] ester
106,CC(=O)OCC(COC(=O)C)OC(=O)C,"1,3-diacetyloxypropan-2-yl acetate"
107,CCCCCCCC(=O)OCC,Ethyl octanoate
108,CCOc1cc(ccc1O)C=O,3-Ethoxy-4-hydroxybenzaldehyde
109,COc1cc(ccc1O)C=O,4-Hydroxy-3-methoxybenzaldehyde
110,c1cc2c(cc1C=O)OCO2,"1,3-benzodioxole-5-carbaldehyde"
111,C/C=C/c1ccc(OC)cc1,1-methoxy-4-[(E)-prop-1-enyl]benzene
112,CC(C)C1CCC(C)CC1O,5-methyl-2-propan-2-ylcyclohexan-1-ol
113,CC1(C2CCC(O1)(CC2)C)C,"4,7,7-trimethyl-8-oxabicyclo[2.2.2]octane"
114,CC1=CCC2CC1C2(C)C,(-)-alpha-Pinene
115,CC1=CC[C@@H](CC1)C(=C)C,(4R)-1-methyl-4-prop-1-en-2-ylcyclohexene
116,CC1=CCCC(=C)C=CC(CC1)C(C)C,Could not find name
117,C=C1CCC=C(C)CCC2C1CC2(C)C,beta-Caryophyllene 
118,CC1CCC(C(C)C)C(O)C1,neo-Menthol
119,CC(C)=C1CCC(C)CC1=O,(+)-Pulegone
120,CC1CCC2=C(C1)OC=C2C,"3,6-dimethyl-4,5,6,7-tetrahydro-1-benzofuran"
121,CC(C)C1CCC(C)CC1=O,5-methyl-2-propan-2-ylcyclohexan-1-one
122,C[C@@H]1CC[C@@H](C(=O)C1)C(C)C,"(2R,5R)-5-methyl-2-propan-2-ylcyclohexan-1-one"
123,CC1CCC(C(C1)OC(=O)C)C(C)C,(5-methyl-2-propan-2-ylcyclohexyl) acetate
124,CCNCC(=O)C1CC(C)CCC1C(C)C,Could not find name
125,CNC(=O)C(C)(C(C)C)C(C)C,"2-isopropyl-N,2,3-trimethylbutyramide"
126,C/C=C/c1ccc(OC)cc1,1-methoxy-4-[(E)-prop-1-enyl]benzene
127,CC(C)C1CCC(C)CC1O,5-methyl-2-propan-2-ylcyclohexan-1-ol
128,CC1=CC[C@@H](CC1)C(=C)C,(4R)-1-methyl-4-prop-1-en-2-ylcyclohexene
129,CC1(C2CCC(O1)(CC2)C)C,"4,7,7-trimethyl-8-oxabicyclo[2.2.2]octane"
130,C[C@@H]1CC[C@@H](C(=O)C1)C(C)C,"(2R,5R)-5-methyl-2-propan-2-ylcyclohexan-1-one"
131,CC1CCC(C(C)C)C(O)C1,neo-Menthol
132,CC1CCC(C(C1)O)C(C)C,5-methyl-2-propan-2-ylcyclohexan-1-ol
133,CC1CCC2=C(C1)OC=C2C,"3,6-dimethyl-4,5,6,7-tetrahydro-1-benzofuran"
134,CC(C)C1CCC(C)CC1=O,5-methyl-2-propan-2-ylcyclohexan-1-one
135,CC1CCC(C(C1)OC(=O)C)C(C)C,(5-methyl-2-propan-2-ylcyclohexyl) acetate
136,C=C(C)C1CC=C(C(C)C)C(=O)C1,Could not find name
137,CC1=CCC2C(C1)C2(C)C,delta-3-Carene
138,CC(=CCCC(=C)C=C)C,"7-methyl-3-methylideneocta-1,6-diene"
139,CCCCCC(CC)O,octan-3-ol
140,CC(C)C12CCC(C)(O)C1C2,Sabinene hydrate
141,C=C1CCC2C1C1C(C(C)C)CCC21C,5208-59-3
142,CC1=CCC(=C(C)C)CC1,Terpinolene
143,CC1=CCC(CC1)(C(C)C)O,4-methyl-1-propan-2-ylcyclohex-3-en-1-ol
144,C[C@]12CC[C@H]3[C@@H](CC3(C)C)[C@H](C1)C(=O)CC2,109119-65-5
145,C=C(C)C1CCC(C)C(OC(C)=O)C1,Dihydrocarveol acetate
146,CC1=CCCC(=C)C=CC(CC1)C(C)C,Could not find name
147,C=C1CCC=C(C)CCC2C1CC2(C)C,beta-Caryophyllene 
148,CC(C)C1CCC(C)CC1C(=O)Nc2ccc(C#N)cc2,Could not find name
149,CC1=CCC2CC1C2(C)C,(-)-alpha-Pinene
150,CC(C)=C1CCC(C)CC1=O,(+)-Pulegone
151,C[C@@H]1CC[C@H]([C@@H](C1)O)C(=C)C,"(1R,2S,5R)-5-methyl-2-prop-1-en-2-ylcyclohexan-1-ol"
152,C/C=C/c1ccc(OC)cc1,1-methoxy-4-[(E)-prop-1-enyl]benzene
153,CC(C)C1CCC(C)CC1O,5-methyl-2-propan-2-ylcyclohexan-1-ol
154,CC1=CC[C@@H](CC1)C(=C)C,(4R)-1-methyl-4-prop-1-en-2-ylcyclohexene
155,CC1=CCC2C(C1)C2(C)C,delta-3-Carene
156,CC(=CCCC(=C)C=C)C,"7-methyl-3-methylideneocta-1,6-diene"
157,CCCCCC(CC)O,octan-3-ol
158,CC(C)C12CCC(C)(O)C1C2,Sabinene hydrate
159,C=C1CCC2C1C1C(C(C)C)CCC21C,5208-59-3
160,CC1=CCC(=C(C)C)CC1,Terpinolene
161,CC1=CCC(CC1)(C(C)C)O,4-methyl-1-propan-2-ylcyclohex-3-en-1-ol
162,C[C@]12CC[C@H]3[C@@H](CC3(C)C)[C@H](C1)C(=O)CC2,109119-65-5
163,C=C(C)C1CCC(C)C(OC(C)=O)C1,Dihydrocarveol acetate
164,CC1=CCCC(=C)C=CC(CC1)C(C)C,Could not find name
165,C=C(C)C1CC=C(C(C)C)C(=O)C1,Could not find name
166,CC1(C2CCC(O1)(CC2)C)C,"4,7,7-trimethyl-8-oxabicyclo[2.2.2]octane"
167,CCNCC(=O)C1CC(C)CCC1C(C)C,Could not find name
168,C[C@@H]1CC[C@@H](C(=O)C1)C(C)C,"(2R,5R)-5-methyl-2-propan-2-ylcyclohexan-1-one"
169,CC1CCC(C(C)C)C(O)C1,neo-Menthol
170,CC1CCC2=C(C1)OC=C2C,"3,6-dimethyl-4,5,6,7-tetrahydro-1-benzofuran"
171,CC(C)C1CCC(C)CC1=O,5-methyl-2-propan-2-ylcyclohexan-1-one
172,CC1CCC(C(C1)OC(=O)C)C(C)C,(5-methyl-2-propan-2-ylcyclohexyl) acetate
173,C/C=C/c1ccc(OC)cc1,1-methoxy-4-[(E)-prop-1-enyl]benzene
174,CC(C)C1CCC(C)CC1O,5-methyl-2-propan-2-ylcyclohexan-1-ol
175,CC1(C2CCC(O1)(CC2)C)C,"4,7,7-trimethyl-8-oxabicyclo[2.2.2]octane"
176,C[C@@H]1CC[C@@H](C(=O)C1)C(C)C,"(2R,5R)-5-methyl-2-propan-2-ylcyclohexan-1-one"
177,CC1CCC(C(C)C)C(O)C1,neo-Menthol
178,CC1CCC(C(C1)O)C(C)C,5-methyl-2-propan-2-ylcyclohexan-1-ol
179,CC1CCC2=C(C1)OC=C2C,"3,6-dimethyl-4,5,6,7-tetrahydro-1-benzofuran"
180,CC(C)C1CCC(C)CC1=O,5-methyl-2-propan-2-ylcyclohexan-1-one
181,CC1=CC[C@@H](CC1)C(=C)C,(4R)-1-methyl-4-prop-1-en-2-ylcyclohexene
182,CC1CCC(C(C1)OC(=O)C)C(C)C,(5-methyl-2-propan-2-ylcyclohexyl) acetate
183,C=CCOC(=O)CCCC,allyl valerate
184,C=CCOC(=O)CCC1CCCCC1,Allyl cyclohexyl propionate
185,CCCC(=O)OCC,Ethyl butanoate
186,CCCCCC(=O)OCC,Ethyl hexanoate
187,CC1=C(O)C(=O)OC1C,"3-hydroxy-4,5-dimethyl-2(5H)-furanone"
188,CCOC(=O)C,Ethyl acetate
189,CC(C)C1CCC(C)CC1C(=O)Nc2ccc(C#N)cc2,Could not find name
190,CC1=CCC2CC1C2(C)C,(-)-alpha-Pinene
191,CC1=CCCC(=C)C=CC(CC1)C(C)C,Could not find name
192,CC(C)=C1CCC(C)CC1=O,(+)-Pulegone
193,CC1([C@H]2CCC(=C)[C@@H]1C2)C,"(1S,5S)-7,7-dimethyl-4-methylidenebicyclo[3.1.1]heptane"
194,CC1=CCC2C(C1)C2(C)C,delta-3-Carene
195,C/C(C)=C/CCC(C)CC=O,"3,7-dimethyloct-6-enal"
196,CC(=CCCC(=CC=O)C)C,Could not find name
197,CC(C)=CCCC(C)=CC=O,Geranial
198,CC1=CCC(=C(C)C)CC1,Terpinolene
199,C/C=C/c1ccc(OC)cc1,1-methoxy-4-[(E)-prop-1-enyl]benzene
200,CC(C)C1CCC(C)CC1O,5-methyl-2-propan-2-ylcyclohexan-1-ol
201,CC(C)C1CCC(C)CC1=O,5-methyl-2-propan-2-ylcyclohexan-1-one
202,CC1=CC[C@@H](CC1)C(=C)C,(4R)-1-methyl-4-prop-1-en-2-ylcyclohexene
203,C[C@@H]1CC[C@@H](C(C1)O)C(C)C,"(2R,5R)-5-methyl-2-propan-2-ylcyclohexan-1-ol"
204,CC1=CC(=O)C(C(C)C)CC1,"2-Cyclohexen-1-one, 3-methyl-6-(1-methylethyl)-, (R)-"
205,CC1CCC(C(C1)OC(=O)C)C(C)C,(5-methyl-2-propan-2-ylcyclohexyl) acetate
206,CC1(C2CCC(O1)(CC2)C)C,"4,7,7-trimethyl-8-oxabicyclo[2.2.2]octane"
207,CC1=CCC2CC1C2(C)C,(-)-alpha-Pinene
208,CC1=CCCC(=C)C=CC(CC1)C(C)C,Could not find name
209,C=C1CCC=C(C)CCC2C1CC2(C)C,beta-Caryophyllene 
210,CC1CCC(C(C)C)C(O)C1,neo-Menthol
211,CC(C)=C1CCC(C)CC1=O,(+)-Pulegone
212,CC1CCC2=C(C1)OC=C2C,"3,6-dimethyl-4,5,6,7-tetrahydro-1-benzofuran"
213,C[C@@H]1CC[C@@H](C(=O)C1)C(C)C,"(2R,5R)-5-methyl-2-propan-2-ylcyclohexan-1-one"
214,CC1=CCC2C(C1)C2(C)C,delta-3-Carene
215,CC(=CCCC(=C)C=C)C,"7-methyl-3-methylideneocta-1,6-diene"
216,CCCCCC(CC)O,octan-3-ol
217,CC(C)C12CCC(C)(O)C1C2,Sabinene hydrate
218,C=C1CCC2C1C1C(C(C)C)CCC21C,5208-59-3
219,CC1=CCC(=C(C)C)CC1,Terpinolene
220,CC1=CCC(CC1)(C(C)C)O,4-methyl-1-propan-2-ylcyclohex-3-en-1-ol
221,C[C@]12CC[C@H]3[C@@H](CC3(C)C)[C@H](C1)C(=O)CC2,109119-65-5
222,C=C(C)C1CCC(C)C(OC(C)=O)C1,Dihydrocarveol acetate
223,C=C(C)C1CC=C(C(C)C)C(=O)C1,Could not find name
224,C/C=C/c1ccc(OC)cc1,1-methoxy-4-[(E)-prop-1-enyl]benzene
225,CC(C)C1CCC(C)CC1O,5-methyl-2-propan-2-ylcyclohexan-1-ol
226,CC1(C2CCC(O1)(CC2)C)C,"4,7,7-trimethyl-8-oxabicyclo[2.2.2]octane"
227,CC1=CCC2CC1C2(C)C,(-)-alpha-Pinene
228,CC1=CC[C@@H](CC1)C(=C)C,(4R)-1-methyl-4-prop-1-en-2-ylcyclohexene
229,CC1=CCCC(=C)C=CC(CC1)C(C)C,Could not find name
230,CC1CCC(C(C)C)C(O)C1,neo-Menthol
231,CC(C)=C1CCC(C)CC1=O,(+)-Pulegone
232,CC1CCC2=C(C1)OC=C2C,"3,6-dimethyl-4,5,6,7-tetrahydro-1-benzofuran"
233,CC(C)C1CCC(C)CC1=O,5-methyl-2-propan-2-ylcyclohexan-1-one
234,C[C@@H]1CC[C@@H](C(=O)C1)C(C)C,"(2R,5R)-5-methyl-2-propan-2-ylcyclohexan-1-one"
235,CC1CCC(C(C1)OC(=O)C)C(C)C,(5-methyl-2-propan-2-ylcyclohexyl) acetate
236,CC1=CCC2C(C1)C2(C)C,delta-3-Carene
237,CC(=CCCC(=C)C=C)C,"7-methyl-3-methylideneocta-1,6-diene"
238,CCCCCC(CC)O,octan-3-ol
239,CC(C)C12CCC(C)(O)C1C2,Sabinene hydrate
240,C=C1CCC2C1C1C(C(C)C)CCC21C,5208-59-3
241,CC1=CCC(=C(C)C)CC1,Terpinolene
242,CC1=CCC(CC1)(C(C)C)O,4-methyl-1-propan-2-ylcyclohex-3-en-1-ol
243,C[C@]12CC[C@H]3[C@@H](CC3(C)C)[C@H](C1)C(=O)CC2,109119-65-5
244,C=C(C)C1CCC(C)C(OC(C)=O)C1,Dihydrocarveol acetate
245,C=C(C)C1CC=C(C(C)C)C(=O)C1,Could not find name
246,CC1CCC(C(C1)O)C(C)C,5-methyl-2-propan-2-ylcyclohexan-1-ol
247,C/C=C/c1ccc(OC)cc1,1-methoxy-4-[(E)-prop-1-enyl]benzene
248,CC(C)C1CCC(C)CC1O,5-methyl-2-propan-2-ylcyclohexan-1-ol
249,CC1(C2CCC(O1)(CC2)C)C,"4,7,7-trimethyl-8-oxabicyclo[2.2.2]octane"
250,CC1=CCC2CC1C2(C)C,(-)-alpha-Pinene
251,CC1=CC[C@@H](CC1)C(=C)C,(4R)-1-methyl-4-prop-1-en-2-ylcyclohexene
252,CC1=CCCC(=C)C=CC(CC1)C(C)C,Could not find name
253,CC1CCC(C(C)C)C(O)C1,neo-Menthol
254,CC(C)=C1CCC(C)CC1=O,(+)-Pulegone
255,CC1CCC2=C(C1)OC=C2C,"3,6-dimethyl-4,5,6,7-tetrahydro-1-benzofuran"
256,CC(C)C1CCC(C)CC1=O,5-methyl-2-propan-2-ylcyclohexan-1-one
257,C[C@@H]1CC[C@@H](C(=O)C1)C(C)C,"(2R,5R)-5-methyl-2-propan-2-ylcyclohexan-1-one"
258,CC1CCC(C(C1)OC(=O)C)C(C)C,(5-methyl-2-propan-2-ylcyclohexyl) acetate
259,C[C@]12CC[C@H]3[C@@H](CC3(C)C)[C@H](C1)C(=O)CC2,109119-65-5
260,CC(C)C12CCC(=C)C1C2,4-methylidene-1-propan-2-ylbicyclo[3.1.0]hexane
261,CC(=CCCC(=C)C=C)C,"7-methyl-3-methylideneocta-1,6-diene"
262,CCCCCCCC=O,Octanal
263,CC(=CCCC(C)(C=C)O)C,"3,7-Dimethylocta-1,6-dien-3-ol"
264,CC1=CCC2C(C1)C2(C)C,delta-3-Carene
265,CCCCCCCCCC=O,Capraldehyde
266,C=C(C)C1CC=C(C(C)C)C(=O)C1,Could not find name
267,CCCCCC(CC)O,octan-3-ol
268,CC(C)C12CCC(C)(O)C1C2,Sabinene hydrate
269,C=C1CCC2C1C1C(C(C)C)CCC21C,5208-59-3
270,CC1=CCC(=C(C)C)CC1,Terpinolene
271,CC1=CCC(CC1)(C(C)C)O,4-methyl-1-propan-2-ylcyclohex-3-en-1-ol
272,C=C(C)C1CCC(C)C(OC(C)=O)C1,Dihydrocarveol acetate
273,C=C1CCC=C(C)CCC2C1CC2(C)C,beta-Caryophyllene 
274,C/C=C/c1ccc(OC)cc1,1-methoxy-4-[(E)-prop-1-enyl]benzene
275,CC(C)C1CCC(C)CC1O,5-methyl-2-propan-2-ylcyclohexan-1-ol
276,CC1(C2CCC(O1)(CC2)C)C,"4,7,7-trimethyl-8-oxabicyclo[2.2.2]octane"
277,C[C@@H]1CC[C@@H](C(=O)C1)C(C)C,"(2R,5R)-5-methyl-2-propan-2-ylcyclohexan-1-one"
278,CC1CCC(C(C)C)C(O)C1,neo-Menthol
279,CC1CCC(C(C1)O)C(C)C,5-methyl-2-propan-2-ylcyclohexan-1-ol
280,CC1CCC2=C(C1)OC=C2C,"3,6-dimethyl-4,5,6,7-tetrahydro-1-benzofuran"
281,CC(C)C1CCC(C)CC1=O,5-methyl-2-propan-2-ylcyclohexan-1-one
282,CC1=CC[C@@H](CC1)C(=C)C,(4R)-1-methyl-4-prop-1-en-2-ylcyclohexene
283,CC1CCC(C(C1)OC(=O)C)C(C)C,(5-methyl-2-propan-2-ylcyclohexyl) acetate
284,C=CCOC(=O)CCCC,allyl valerate
285,C=CCOC(=O)CCC1CCCCC1,Allyl cyclohexyl propionate
286,CCCC(=O)OCC,Ethyl butanoate
287,CCCCCC(=O)OCC,Ethyl hexanoate
288,CC1=C(O)C(=O)OC1C,"3-hydroxy-4,5-dimethyl-2(5H)-furanone"
289,CCOC(=O)C,Ethyl acetate
290,CC1([C@H]2CCC(=C)[C@@H]1C2)C,"(1S,5S)-7,7-dimethyl-4-methylidenebicyclo[3.1.1]heptane"
291,CC1=CCC2C(C1)C2(C)C,delta-3-Carene
292,C/C(C)=C/CCC(C)CC=O,"3,7-dimethyloct-6-enal"
293,CC(=CCCC(=CC=O)C)C,Could not find name
294,CC(C)=CCCC(C)=CC=O,Geranial
295,CC1=CCC(=C(C)C)CC1,Terpinolene
296,C/C=C/c1ccc(OC)cc1,1-methoxy-4-[(E)-prop-1-enyl]benzene
297,CC(C)C1CCC(C)CC1O,5-methyl-2-propan-2-ylcyclohexan-1-ol
298,CC1=CC[C@@H](CC1)C(=C)C,(4R)-1-methyl-4-prop-1-en-2-ylcyclohexene
299,CC1=CCC2C(C1)C2(C)C,delta-3-Carene
300,CC(=CCCC(=C)C=C)C,"7-methyl-3-methylideneocta-1,6-diene"
301,CCCCCC(CC)O,octan-3-ol
302,CC(C)C12CCC(C)(O)C1C2,Sabinene hydrate
303,C=C1CCC2C1C1C(C(C)C)CCC21C,5208-59-3
304,CC1=CCC(=C(C)C)CC1,Terpinolene
305,CC1=CCC(CC1)(C(C)C)O,4-methyl-1-propan-2-ylcyclohex-3-en-1-ol
306,C[C@]12CC[C@H]3[C@@H](CC3(C)C)[C@H](C1)C(=O)CC2,109119-65-5
307,C=C(C)C1CCC(C)C(OC(C)=O)C1,Dihydrocarveol acetate
308,CC1=CCCC(=C)C=CC(CC1)C(C)C,Could not find name
309,C=C(C)C1CC=C(C(C)C)C(=O)C1,Could not find name
310,CC1(C2CCC(O1)(CC2)C)C,"4,7,7-trimethyl-8-oxabicyclo[2.2.2]octane"
311,C[C@@H]1CC[C@@H](C(=O)C1)C(C)C,"(2R,5R)-5-methyl-2-propan-2-ylcyclohexan-1-one"
312,CC1CCC(C(C)C)C(O)C1,neo-Menthol
313,CC1CCC2=C(C1)OC=C2C,"3,6-dimethyl-4,5,6,7-tetrahydro-1-benzofuran"
314,CC(C)C1CCC(C)CC1=O,5-methyl-2-propan-2-ylcyclohexan-1-one
315,CC1CCC(C(C1)OC(=O)C)C(C)C,(5-methyl-2-propan-2-ylcyclohexyl) acetate
316,CC(=CC/C=C(\C)/C=C)C,"3,7-Dimethylocta-1,3,6-triene"
317,CC(=CCCC(C)(C=C)O)C,"3,7-Dimethylocta-1,6-dien-3-ol"
318,CC1(C2CCC1(C(=O)C2)C)C,"1,7,7-trimethylbicyclo[2.2.1]heptan-2-one"
319,C=CC(C)(CCC=C(C)C)OC(C)=O,Linalyl acetate
320,CC(=CCC(COC(=O)C)C(=C)C)C,(5-methyl-2-prop-1-en-2-ylhex-4-enyl) acetate
321,CC1([C@H]2CCC(=C)[C@@H]1C2)C,"(1S,5S)-7,7-dimethyl-4-methylidenebicyclo[3.1.1]heptane"
322,CC(C)=CCCC(C)=CC=O,Geranial
323,CC(=CCCC(=CC=O)C)C,Could not find name
324,CCCCCCCCO,Caprylic alcohol
325,CC(CO)O,"PROPANE-1,2-DIOL"
326,CCCC=CC=O,Trans-2-Hexenal
327,CCCC(=O)OCC,Ethyl butanoate
328,CCCCCC(=O)OCC,Ethyl hexanoate
329,CCCCCC(=O)O,Caproic acid
330,CC(C=O)=Cc1ccccc1,alpha-methyl cinnamaldehyde
331,CCCCCCC1CCC(=O)O1,gamma-Decalactone
332,CCC1=C(O)C(=O)C=CO1,2-ethyl-3-hydroxypyran-4-one
333,CCOc1cc(ccc1O)C=O,3-Ethoxy-4-hydroxybenzaldehyde
334,CC(=O)C(=O)C,"Butane-2,3-dione"
335,C1=CC=C(C=C1)CO,phenylmethanol
336,CCC=CCCOC(=O)C,Could not find name
337,CCOC(=O)C,Ethyl acetate
338,CCC(=O)OCC,Ethyl propanoate
339,Cc1c(c(=O)cco1)O,3-hydroxy-2-methylpyran-4-one
340,COc1cc(ccc1O)C=O,4-Hydroxy-3-methoxybenzaldehyde
341,C1CCOC(=O)C1,oxan-2-one
342,C=C1CCC=C(C)CCC2C1CC2(C)C,beta-Caryophyllene 
343,C/C=C/c1ccc(OC)cc1,1-methoxy-4-[(E)-prop-1-enyl]benzene
344,CC(C)C1CCC(C)CC1O,5-methyl-2-propan-2-ylcyclohexan-1-ol
345,CC1(C2CCC(O1)(CC2)C)C,"4,7,7-trimethyl-8-oxabicyclo[2.2.2]octane"
346,CC1=CCC2CC1C2(C)C,(-)-alpha-Pinene
347,CC1=CC[C@@H](CC1)C(=C)C,(4R)-1-methyl-4-prop-1-en-2-ylcyclohexene
348,CC1=CCCC(=C)C=CC(CC1)C(C)C,Could not find name
349,C=C1CCC=C(C)CCC2C1CC2(C)C,beta-Caryophyllene 
350,CC1CCC(C(C)C)C(O)C1,neo-Menthol
351,CC(C)=C1CCC(C)CC1=O,(+)-Pulegone
352,CC1CCC2=C(C1)OC=C2C,"3,6-dimethyl-4,5,6,7-tetrahydro-1-benzofuran"
353,CC(C)C1CCC(C)CC1=O,5-methyl-2-propan-2-ylcyclohexan-1-one
354,C[C@@H]1CC[C@@H](C(=O)C1)C(C)C,"(2R,5R)-5-methyl-2-propan-2-ylcyclohexan-1-one"
355,CC1CCC(C(C1)OC(=O)C)C(C)C,(5-methyl-2-propan-2-ylcyclohexyl) acetate
356,CC1=CCC2C(C1)C2(C)C,delta-3-Carene
357,CC(=CCCC(=C)C=C)C,"7-methyl-3-methylideneocta-1,6-diene"
358,CCCCCC(CC)O,octan-3-ol
359,CC(C)C12CCC(C)(O)C1C2,Sabinene hydrate
360,C=C1CCC2C1C1C(C(C)C)CCC21C,5208-59-3
361,CC1=CCC(=C(C)C)CC1,Terpinolene
362,CC1=CCC(CC1)(C(C)C)O,4-methyl-1-propan-2-ylcyclohex-3-en-1-ol
363,C[C@]12CC[C@H]3[C@@H](CC3(C)C)[C@H](C1)C(=O)CC2,109119-65-5
364,C=C(C)C1CCC(C)C(OC(C)=O)C1,Dihydrocarveol acetate
365,C=C(C)C1CC=C(C(C)C)C(=O)C1,Could not find name
366,CCNCC(=O)C1CC(C)CCC1C(C)C,Could not find name
367,CC1CCC(C(C)C)C2(C1)OCC(CO)O2,Frescolat MGA
368,CC(=CCCC(C)(C=C)OC(=O)C)C,"3,7-dimethylocta-1,6-dien-3-yl acetate"
369,CC(=CCCC(C)(C=C)O)C,"3,7-Dimethylocta-1,6-dien-3-ol"
370,CC(=CCC(COC(=O)C)C(=C)C)C,(5-methyl-2-prop-1-en-2-ylhex-4-enyl) acetate
371,C=CC(C)=CCC=C(C)C,trans-beta-ocimene
372,CC(=CCC(CO)C(=C)C)C,5-methyl-2-prop-1-en-2-ylhex-4-en-1-ol
373,CC(CO)O,"PROPANE-1,2-DIOL"
374,CCCCCCC\C=C\C(=O)O,Dec-2-enoic acid
375,C1CCCCCOC(=O)CCCC1,1-oxacyclododecan-2-one
376,CCCCCCCC(=O)O,Caprylic acid
377,CC(C)C1CCC(C)CC1C(=O)Nc2ccc(C#N)cc2,Could not find name
378,C/C=C/c1ccc(OC)cc1,1-methoxy-4-[(E)-prop-1-enyl]benzene
379,CC(C)C1CCC(C)CC1O,5-methyl-2-propan-2-ylcyclohexan-1-ol
380,CC1(C2CCC(O1)(CC2)C)C,"4,7,7-trimethyl-8-oxabicyclo[2.2.2]octane"
381,CC1=CCC2CC1C2(C)C,(-)-alpha-Pinene
382,CC1=CC[C@@H](CC1)C(=C)C,(4R)-1-methyl-4-prop-1-en-2-ylcyclohexene
383,CC1=CCCC(=C)C=CC(CC1)C(C)C,Could not find name
384,C=C1CCC=C(C)CCC2C1CC2(C)C,beta-Caryophyllene 
385,CC1CCC(C(C)C)C(O)C1,neo-Menthol
386,CC(C)=C1CCC(C)CC1=O,(+)-Pulegone
387,CC1CCC2=C(C1)OC=C2C,"3,6-dimethyl-4,5,6,7-tetrahydro-1-benzofuran"
388,CC(C)C1CCC(C)CC1=O,5-methyl-2-propan-2-ylcyclohexan-1-one
389,C[C@@H]1CC[C@@H](C(=O)C1)C(C)C,"(2R,5R)-5-methyl-2-propan-2-ylcyclohexan-1-one"
390,CC1CCC(C(C1)OC(=O)C)C(C)C,(5-methyl-2-propan-2-ylcyclohexyl) acetate
391,CC1=CCC2C(C1)C2(C)C,delta-3-Carene
392,CC(=CCCC(=C)C=C)C,"7-methyl-3-methylideneocta-1,6-diene"
393,CCCCCC(CC)O,octan-3-ol
394,CC(C)C12CCC(C)(O)C1C2,Sabinene hydrate
395,C=C1CCC2C1C1C(C(C)C)CCC21C,5208-59-3
396,CC1=CCC(=C(C)C)CC1,Terpinolene
397,CC1=CCC(CC1)(C(C)C)O,4-methyl-1-propan-2-ylcyclohex-3-en-1-ol
398,C[C@]12CC[C@H]3[C@@H](CC3(C)C)[C@H](C1)C(=O)CC2,109119-65-5
399,C=C(C)C1CCC(C)C(OC(C)=O)C1,Dihydrocarveol acetate
400,C=C(C)C1CC=C(C(C)C)C(=O)C1,Could not find name
401,CCNCC(=O)C1CC(C)CCC1C(C)C,Could not find name
402,CC1CCC(C(C)C)C2(C1)OCC(CO)O2,Frescolat MGA
403,CC(=CCCC(C)(C=C)OC(=O)C)C,"3,7-dimethylocta-1,6-dien-3-yl acetate"
404,CC(=CCCC(C)(C=C)O)C,"3,7-Dimethylocta-1,6-dien-3-ol"
405,CC(=CCC(COC(=O)C)C(=C)C)C,(5-methyl-2-prop-1-en-2-ylhex-4-enyl) acetate
406,C=CC(C)=CCC=C(C)C,trans-beta-ocimene
407,CC(=CCC(CO)C(=C)C)C,5-methyl-2-prop-1-en-2-ylhex-4-en-1-ol
408,CC(CO)O,"PROPANE-1,2-DIOL"
409,CCCCCCC\C=C\C(=O)O,Dec-2-enoic acid
410,C1CCCCCOC(=O)CCCC1,1-oxacyclododecan-2-one
411,CCCCCCCC(=O)O,Caprylic acid
412,C/C=C/c1ccc(OC)cc1,1-methoxy-4-[(E)-prop-1-enyl]benzene
413,CC(C)C1CCC(C)CC1O,5-methyl-2-propan-2-ylcyclohexan-1-ol
414,C=C(C)C1CC=C(C(C)C)C(=O)C1,Could not find name
415,COC(=O)c1ccccc1O,Methyl salicylate
416,CCCCCC/C=C/C=O,Non-2-enal
417,CC(C)C1CCC(C)CC1=O,5-methyl-2-propan-2-ylcyclohexan-1-one
418,CC1=CC[C@@H](CC1)C(=C)C,(4R)-1-methyl-4-prop-1-en-2-ylcyclohexene
419,CC1CCC(C(=O)C1)C(C)C,5-methyl-2-propan-2-ylcyclohexan-1-one
420,C[C@@H]1CC[C@@H](C(C1)O)C(C)C,"(2R,5R)-5-methyl-2-propan-2-ylcyclohexan-1-ol"
421,CC1=CC(=O)C(C(C)C)CC1,"2-Cyclohexen-1-one, 3-methyl-6-(1-methylethyl)-, (R)-"
422,CC1CCC(C(C1)OC(=O)C)C(C)C,(5-methyl-2-propan-2-ylcyclohexyl) acetate
423,CC1=CCC2CC1C2(C)C,(-)-alpha-Pinene
424,CC1=CCC2C(C1)C2(C)C,delta-3-Carene
425,CC(=CCCC(=C)C=C)C,"7-methyl-3-methylideneocta-1,6-diene"
426,CCCCCC(CC)O,octan-3-ol
427,CC(C)C12CCC(C)(O)C1C2,Sabinene hydrate
428,C=C1CCC2C1C1C(C(C)C)CCC21C,5208-59-3
429,CC1=CCC(=C(C)C)CC1,Terpinolene
430,CC1=CCC(CC1)(C(C)C)O,4-methyl-1-propan-2-ylcyclohex-3-en-1-ol
431,C[C@]12CC[C@H]3[C@@H](CC3(C)C)[C@H](C1)C(=O)CC2,109119-65-5
432,C=C(C)C1CCC(C)C(OC(C)=O)C1,Dihydrocarveol acetate
433,CC1=CCCC(=C)C=CC(CC1)C(C)C,Could not find name
434,CC1(C2CCC(O1)(CC2)C)C,"4,7,7-trimethyl-8-oxabicyclo[2.2.2]octane"
435,C=C1CCC=C(C)CCC2C1CC2(C)C,beta-Caryophyllene 
436,CC(=CCCC(C)(C=C)O)C,"3,7-Dimethylocta-1,6-dien-3-ol"
437,CC1(CCC(O1)C(C)(C)O)C=C,2-(5-ethenyl-5-methyloxolan-2-yl)propan-2-ol
438,CC/C=C\CC1=C(CCC1=O)C,3-methyl-2-[(Z)-pent-2-enyl]cyclopent-2-en-1-one
439,CC1=CCC(CC1)C(C)(C)OC(=O)C,2-(4-methyl-1-cyclohex-3-enyl)propan-2-yl acetate
440,O=CCc1ccccc1,Phenylacetaldehyde
441,CC(=CCCC(=CCO)C)C,Could not find name
442,C\C1=C\CC(CC1)C(O)(C)C,2-(4-methyl-1-cyclohex-3-enyl)propan-2-ol
443,CCCCCO,n-Pentanol
444,COC(=O)c1ccccc1O,Methyl salicylate
445,c1ccc2c(c1)cc[nH]2,1H-Indole
446,C1=CC=C(C=C1)CCO,2-PHENYLETHANOL
447,CCCCCC1C(CCC1=O)CC(=O)OC,methyl 2-(3-oxo-2-pentylcyclopentyl)acetate
448,CCC=CCCOC(=O)C,Could not find name
449,CCCC=CC=O,Trans-2-Hexenal
450,CCOC(=O)CC(=O)C,ethyl 3-oxobutanoate
451,CCCCCC(CC)O,octan-3-ol
452,CC(CO)O,"PROPANE-1,2-DIOL"
453,CC1=CN=C(C=N1)C,"2,5-Dimethylpyrazine"
454,CC(C)C1CCC(C)CC1O,5-methyl-2-propan-2-ylcyclohexan-1-ol
455,C/C=C/c1ccc(OC)cc1,1-methoxy-4-[(E)-prop-1-enyl]benzene
456,CC1(C2CCC(O1)(CC2)C)C,"4,7,7-trimethyl-8-oxabicyclo[2.2.2]octane"
457,C=CCc1ccc(O)c(OC)c1,Eugenol
458,CC(C)C1CCC(C)CC1O,5-methyl-2-propan-2-ylcyclohexan-1-ol
459,COC(=O)C=Cc1ccccc1,Methyl cinnamate
460,C1=CC=C(C=C1)C=CC=O,Could not find name
461,CC(=O)OCC=CC1=CC=CC=C1,Could not find name
462,OCC=Cc1ccccc1,Cinnamic alcohol
463,CC(=CCCC(C)(C=C)O)C,"3,7-Dimethylocta-1,6-dien-3-ol"
464,CC1=CCC2C(C1)C2(C)C,delta-3-Carene
465,CC1([C@H]2CCC(=C)[C@@H]1C2)C,"(1S,5S)-7,7-dimethyl-4-methylidenebicyclo[3.1.1]heptane"
466,CC(=CCCC(=CCO)C)C,Could not find name
467,CC1=CC[C@@H](CC1)C(=C)C,(4R)-1-methyl-4-prop-1-en-2-ylcyclohexene
468,CC1=CCC2CC1C2(C)C,(-)-alpha-Pinene
469,CC1=CCCC(=C)C=CC(CC1)C(C)C,Could not find name
470,C=C1CCC=C(C)CCC2C1CC2(C)C,beta-Caryophyllene 
471,CC1CCC(C(C)C)C(O)C1,neo-Menthol
472,CC(C)=C1CCC(C)CC1=O,(+)-Pulegone
473,CC1CCC2=C(C1)OC=C2C,"3,6-dimethyl-4,5,6,7-tetrahydro-1-benzofuran"
474,CC(C)C1CCC(C)CC1=O,5-methyl-2-propan-2-ylcyclohexan-1-one
475,C[C@@H]1CC[C@@H](C(=O)C1)C(C)C,"(2R,5R)-5-methyl-2-propan-2-ylcyclohexan-1-one"
476,CC1CCC(C(C1)OC(=O)C)C(C)C,(5-methyl-2-propan-2-ylcyclohexyl) acetate
477,Cc1ccc(C(C)C)c(O)c1,Thymol
478,CC(C)C12CCC(C)(O)C1C2,Sabinene hydrate
479,C[C@]12CC[C@H]3[C@@H](CC3(C)C)[C@H](C1)C(=O)CC2,109119-65-5
480,C=C(C)C1CC=C(C(C)C)C(=O)C1,Could not find name
481,C/C=C/c1ccc(OC)cc1,1-methoxy-4-[(E)-prop-1-enyl]benzene
482,C=CCc1ccc(O)c(OC)c1,Eugenol
483,CC(C)C1CCC(C)CC1O,5-methyl-2-propan-2-ylcyclohexan-1-ol
484,COC(=O)c1ccccc1O,Methyl salicylate
485,CC1(C2CCC(O1)(CC2)C)C,"4,7,7-trimethyl-8-oxabicyclo[2.2.2]octane"
486,CC1=CCC2CC1C2(C)C,(-)-alpha-Pinene
487,CC1=CC[C@@H](CC1)C(=C)C,(4R)-1-methyl-4-prop-1-en-2-ylcyclohexene
488,CC1=CCCC(=C)C=CC(CC1)C(C)C,Could not find name
489,CC1CCC(C(C)C)C(O)C1,neo-Menthol
490,CC(C)=C1CCC(C)CC1=O,(+)-Pulegone
491,CC1CCC2=C(C1)OC=C2C,"3,6-dimethyl-4,5,6,7-tetrahydro-1-benzofuran"
492,CC(C)C1CCC(C)CC1=O,5-methyl-2-propan-2-ylcyclohexan-1-one
493,C[C@@H]1CC[C@@H](C(=O)C1)C(C)C,"(2R,5R)-5-methyl-2-propan-2-ylcyclohexan-1-one"
494,CC1CCC(C(C1)OC(=O)C)C(C)C,(5-methyl-2-propan-2-ylcyclohexyl) acetate
495,CCNCC(=O)C1CC(C)CCC1C(C)C,Could not find name
496,CC1(C2CCC(O1)(CC2)C)C,"4,7,7-trimethyl-8-oxabicyclo[2.2.2]octane"
497,CC1=CCC2CC1C2(C)C,(-)-alpha-Pinene
498,CC1=CC[C@@H](CC1)C(=C)C,(4R)-1-methyl-4-prop-1-en-2-ylcyclohexene
499,CC1=CCCC(=C)C=CC(CC1)C(C)C,Could not find name
500,C=C1CCC=C(C)CCC2C1CC2(C)C,beta-Caryophyllene 
501,CC1CCC(C(C)C)C(O)C1,neo-Menthol
502,CC(C)=C1CCC(C)CC1=O,(+)-Pulegone
503,CC1CCC2=C(C1)OC=C2C,"3,6-dimethyl-4,5,6,7-tetrahydro-1-benzofuran"
504,CC(C)C1CCC(C)CC1=O,5-methyl-2-propan-2-ylcyclohexan-1-one
505,C[C@@H]1CC[C@@H](C(=O)C1)C(C)C,"(2R,5R)-5-methyl-2-propan-2-ylcyclohexan-1-one"
506,CC(C)C1CCC(C)CC1O,5-methyl-2-propan-2-ylcyclohexan-1-ol
507,CC1CCC(C(C1)OC(=O)C)C(C)C,(5-methyl-2-propan-2-ylcyclohexyl) acetate
508,CC1=CCC2C(C1)C2(C)C,delta-3-Carene
509,CC1(C2CCC(C2)C1=C)C,"6,6-dimethyl-5-methylidenebicyclo[2.2.1]heptane"
510,CC1([C@H]2CCC(=C)[C@@H]1C2)C,"(1S,5S)-7,7-dimethyl-4-methylidenebicyclo[3.1.1]heptane"
511,CC(=CCCC(=C)C=C)C,"7-methyl-3-methylideneocta-1,6-diene"
512,CC1=CCC(=CC1)C(C)C,"1-methyl-4-propan-2-ylcyclohexa-1,4-diene"
513,Cc1ccc(cc1)C(C)C,1-methyl-4-propan-2-ylbenzene
514,CC1(C2CCC1(C(=O)C2)C)C,"1,7,7-trimethylbicyclo[2.2.1]heptan-2-one"
515,CC1=CCC(CC1)C(C)(C)O,2-(4-methyl-1-cyclohex-3-enyl)propan-2-ol
516,C[C@@]12CC[C@@H](C1(C)C)C[C@@H]2O,"(1R,4R,6S)-1,7,7-trimethylbicyclo[2.2.1]heptan-6-ol"
517,CC1=CCC(CC1)(C(C)C)O,4-methyl-1-propan-2-ylcyclohex-3-en-1-ol
518,CC1=CCC(=C(C)C)CC1,Terpinolene
519,CC(=CCCC(C)(C=C)O)C,"3,7-Dimethylocta-1,6-dien-3-ol"
520,C/C=C/c1ccc(OC)cc1,1-methoxy-4-[(E)-prop-1-enyl]benzene
521,CCCCCC(CC)O,octan-3-ol
522,CC(C)C12CCC(C)(O)C1C2,Sabinene hydrate
523,C=C1CCC2C1C1C(C(C)C)CCC21C,5208-59-3
524,C[C@]12CC[C@H]3[C@@H](CC3(C)C)[C@H](C1)C(=O)CC2,109119-65-5
525,C=C(C)C1CCC(C)C(OC(C)=O)C1,Dihydrocarveol acetate
526,C=C(C)C1CC=C(C(C)C)C(=O)C1,Could not find name
527,CNC(=O)C(C)(C(C)C)C(C)C,"2-isopropyl-N,2,3-trimethylbutyramide"
528,CC1CCC(C(C)C)C2(C1)OCC(CO)O2,Frescolat MGA
529,C/C=C/c1ccc(OC)cc1,1-methoxy-4-[(E)-prop-1-enyl]benzene
530,CC(C)C1CCC(C)CC1O,5-methyl-2-propan-2-ylcyclohexan-1-ol
531,C=C(C)C1CC=C(C(C)C)C(=O)C1,Could not find name
532,CC1=CC[C@@H](CC1)C(=C)C,(4R)-1-methyl-4-prop-1-en-2-ylcyclohexene
533,CC1=CCC2CC1C2(C)C,(-)-alpha-Pinene
534,CC(C)C12CCC(=C)C1C2,4-methylidene-1-propan-2-ylbicyclo[3.1.0]hexane
535,CC(=CCCC(=C)C=C)C,"7-methyl-3-methylideneocta-1,6-diene"
536,CCCCCCCC=O,Octanal
537,CC(=CCCC(C)(C=C)O)C,"3,7-Dimethylocta-1,6-dien-3-ol"
538,CC1=CCC2C(C1)C2(C)C,delta-3-Carene
539,CCCCCCCCCC=O,Capraldehyde
540,CC1(C2CCC(O1)(CC2)C)C,"4,7,7-trimethyl-8-oxabicyclo[2.2.2]octane"
541,C[C@@H]1CC[C@@H](C(=O)C1)C(C)C,"(2R,5R)-5-methyl-2-propan-2-ylcyclohexan-1-one"
542,CC1CCC(C(C)C)C(O)C1,neo-Menthol
543,CC1CCC(C(C1)O)C(C)C,5-methyl-2-propan-2-ylcyclohexan-1-ol
544,CC1CCC2=C(C1)OC=C2C,"3,6-dimethyl-4,5,6,7-tetrahydro-1-benzofuran"
545,CC(C)C1CCC(C)CC1=O,5-methyl-2-propan-2-ylcyclohexan-1-one
546,CC1CCC(C(C1)OC(=O)C)C(C)C,(5-methyl-2-propan-2-ylcyclohexyl) acetate
547,CCC1=C(O)C(=O)C=CO1,2-ethyl-3-hydroxypyran-4-one
548,CCCCCOC(=O)CCC,n-Pentyl butyrate
549,COC(=O)c1ccccc1O,Methyl salicylate
550,C=CCOC(=O)CCCC,allyl valerate
551,CCCCCC/C=C/C=O,Non-2-enal
552,CC(=CCCC(=CCO)C)C,Could not find name
553,CCCC(=O)OCC,Ethyl butanoate
554,CCCCCCC(=O)OC,Methyl heptanoate
